{
    "name": "root",
    "metadata": {
        "timer_format_version": "0.1.0",
        "start_time_seconds": "1647239903",
        "python_version": "3.9.8 (tags/v3.9.8:bb3fdcf, Nov  5 2021, 20:48:33) [MSC v.1929 64 bit (AMD64)]",
        "command_line_arguments": "C:\\Users\\Ryan McLarty\\AppData\\Local\\Programs\\Python\\Python39\\Scripts\\mlagents-learn config/MLDriver.yaml --run-id MLDriver --force",
        "mlagents_version": "0.28.0",
        "mlagents_envs_version": "0.28.0",
        "communication_protocol_version": "1.5.0",
        "pytorch_version": "1.7.1+cu110",
        "numpy_version": "1.21.4",
        "end_time_seconds": "1647240011"
    },
    "total": 108.380922,
    "count": 1,
    "self": 0.00507620000000486,
    "children": {
        "run_training.setup": {
            "total": 0.09217799999999987,
            "count": 1,
            "self": 0.09217799999999987
        },
        "TrainerController.start_learning": {
            "total": 108.28366779999999,
            "count": 1,
            "self": 0.09914629999991575,
            "children": {
                "TrainerController._reset_env": {
                    "total": 14.3929297,
                    "count": 1,
                    "self": 14.2412345,
                    "children": {
                        "demo_to_buffer": {
                            "total": 0.1516952000000007,
                            "count": 1,
                            "self": 4.86000000012865e-05,
                            "children": {
                                "load_demonstration": {
                                    "total": 0.013894600000000423,
                                    "count": 1,
                                    "self": 0.01321360000000027,
                                    "children": {
                                        "read_file": {
                                            "total": 0.0006810000000001537,
                                            "count": 1,
                                            "self": 0.0006810000000001537
                                        }
                                    }
                                },
                                "make_demo_buffer": {
                                    "total": 0.137751999999999,
                                    "count": 1,
                                    "self": 0.028608299999998366,
                                    "children": {
                                        "steps_from_proto": {
                                            "total": 0.10914370000000062,
                                            "count": 1250,
                                            "self": 0.06279790000002095,
                                            "children": {
                                                "_process_rank_one_or_two_observation": {
                                                    "total": 0.046345799999979675,
                                                    "count": 2500,
                                                    "self": 0.046345799999979675
                                                }
                                            }
                                        }
                                    }
                                }
                            }
                        }
                    }
                },
                "TrainerController.advance": {
                    "total": 93.68566340000007,
                    "count": 4585,
                    "self": 0.04815190000003611,
                    "children": {
                        "env_step": {
                            "total": 93.63751150000003,
                            "count": 4585,
                            "self": 80.59681540000001,
                            "children": {
                                "SubprocessEnvManager._take_step": {
                                    "total": 12.99249739999997,
                                    "count": 4585,
                                    "self": 0.2632484000000055,
                                    "children": {
                                        "TorchPolicy.evaluate": {
                                            "total": 12.729248999999964,
                                            "count": 4564,
                                            "self": 3.6139204999997414,
                                            "children": {
                                                "TorchPolicy.sample_actions": {
                                                    "total": 9.115328500000222,
                                                    "count": 4564,
                                                    "self": 9.115328500000222
                                                }
                                            }
                                        }
                                    }
                                },
                                "workers": {
                                    "total": 0.04819870000005011,
                                    "count": 4584,
                                    "self": 0.0,
                                    "children": {
                                        "worker_root": {
                                            "total": 69.1132776,
                                            "count": 4584,
                                            "is_parallel": true,
                                            "self": 21.024717499999532,
                                            "children": {
                                                "steps_from_proto": {
                                                    "total": 0.00037350000000024863,
                                                    "count": 1,
                                                    "is_parallel": true,
                                                    "self": 0.00010810000000205378,
                                                    "children": {
                                                        "_process_rank_one_or_two_observation": {
                                                            "total": 0.00026539999999819486,
                                                            "count": 2,
                                                            "is_parallel": true,
                                                            "self": 0.00026539999999819486
                                                        }
                                                    }
                                                },
                                                "UnityEnvironment.step": {
                                                    "total": 48.08818660000047,
                                                    "count": 4584,
                                                    "is_parallel": true,
                                                    "self": 0.5049228000009052,
                                                    "children": {
                                                        "UnityEnvironment._generate_step_input": {
                                                            "total": 0.58532539999986,
                                                            "count": 4584,
                                                            "is_parallel": true,
                                                            "self": 0.58532539999986
                                                        },
                                                        "communicator.exchange": {
                                                            "total": 45.696951199999596,
                                                            "count": 4584,
                                                            "is_parallel": true,