{
    "name": "root",
    "gauges": {
        "MLDriver.Policy.Entropy.mean": {
            "value": 1.427042841911316,
            "min": 1.4232845306396484,
            "max": 1.427042841911316,
            "count": 2
        },
        "MLDriver.Policy.Entropy.sum": {
            "value": 71352.140625,
            "min": 71164.2265625,
            "max": 71352.140625,
            "count": 2
        },
        "MLDriver.Environment.EpisodeLength.mean": {
            "value": 0.2367665974077372,
            "min": 0.2367665974077372,
            "max": 0.24251385402947243,
            "count": 2
        },
        "MLDriver.Environment.EpisodeLength.sum": {
            "value": 9572.0,
            "min": 9572.0,
            "max": 9759.0,
            "count": 2
        },
        "MLDriver.Step.mean": {
            "value": 99998.0,
            "min": 49998.0,
            "max": 99998.0,
            "count": 2
        },
        "MLDriver.Step.sum": {
            "value": 99998.0,
            "min": 49998.0,
            "max": 99998.0,
            "count": 2
        },
        "MLDriver.Policy.ExtrinsicValueEstimate.mean": {
            "value": -1.0214228630065918,
            "min": -1.4036439657211304,
            "max": -1.0214228630065918,
            "count": 2
        },
        "MLDriver.Policy.ExtrinsicValueEstimate.sum": {
            "value": -41294.08203125,
            "min": -56482.6328125,
            "max": -41294.08203125,
            "count": 2
        },
        "MLDriver.Environment.CumulativeReward.mean": {
            "value": -1.0196438037176756,
            "min": -1.0199189785964209,
            "max": -1.0196438037176756,
            "count": 2
        },
        "MLDriver.Environment.CumulativeReward.sum": {
            "value": -41222.15969669819,
            "min": -41222.15969669819,
            "max": -41041.53969871998,
            "count": 2
        },
        "MLDriver.Policy.ExtrinsicReward.mean": {
            "value": -1.0196438037176756,
            "min": -1.0199189785964209,
            "max": -1.0196438037176756,
            "count": 2
        },
        "MLDriver.Policy.ExtrinsicReward.sum": {
            "value": -41222.15969669819,
            "min": -41222.15969669819,
            "max": -41041.53969871998,
            "count": 2
        },
        "MLDriver.Losses.PolicyLoss.mean": {
            "value": 0.07079330542693343,
            "min": 0.06739517015794642,
            "max": 0.07079330542693343,
            "count": 2
        },
        "MLDriver.Losses.PolicyLoss.sum": {
            "value": 1.6990393302464024,
            "min": 1.617484083790714,
            "max": 1.6990393302464024,
            "count": 2
        },
        "MLDriver.Losses.ValueLoss.mean": {
            "value": 0.008873757110551298,
            "min": 0.008873757110551298,
            "max": 0.4618442247374333,
            "count": 2
        },
        "MLDriver.Losses.ValueLoss.sum": {
            "value": 0.21297017065323115,
            "min": 0.21297017065323115,
            "max": 11.0842613936984,
            "count": 2
        },
        "MLDriver.Policy.LearningRate.mean": {
            "value": 0.0002550986899671083,
            "min": 0.0002550986899671083,
            "max": 0.0002846218301260583,
            "count": 2
        },
        "MLDriver.Policy.LearningRate.sum": {
            "value": 0.006122368559210599,
            "min": 0.006122368559210599,
            "max": 0.0068309239230254,
            "count": 2
        },
        "MLDriver.Policy.Epsilon.mean": {
            "value": 0.18503289166666667,
            "min": 0.18503289166666667,
            "max": 0.1948739416666667,
            "count": 2
        },
        "MLDriver.Policy.Epsilon.sum": {
            "value": 4.4407894,
            "min": 4.4407894,
            "max": 4.6769746,
            "count": 2
        },
        "MLDriver.Policy.Beta.mean": {
            "value": 0.004253141294166666,
            "min": 0.004253141294166666,
            "max": 0.0047442096891666665,
            "count": 2
        },
        "MLDriver.Policy.Beta.sum": {
            "value": 0.10207539105999999,
            "min": 0.10207539105999999,
            "max": 0.11386103254,
            "count": 2
        },
        "MLDriver.IsTraining.mean": {
            "value": 1.0,
            "min": 1.0,
            "max": 1.0,
            "count": 2
        },
        "MLDriver.IsTraining.sum": {
            "value": 1.0,
            "min": 1.0,
            "max": 1.0,
            "count": 2
        }
    },
    "metadata": {
        "timer_format_version": "0.1.0",
        "start_time_seconds": "1647244324",
        "python_version": "3.9.8 (tags/v3.9.8:bb3fdcf, Nov  5 2021, 20:48:33) [MSC v.1929 64 bit (AMD64)]",
        "command_line_arguments": "C:\\Users\\Ryan McLarty\\AppData\\Local\\Programs\\Python\\Python39\\Scripts\\mlagents-learn config/MLDriver.yaml --run-id MLDriver3 --force",
        "mlagents_version": "0.28.0",
        "mlagents_envs_version": "0.28.0",
        "communication_protocol_version": "1.5.0",
        "pytorch_version": "1.7.1+cu110",
        "numpy_version": "1.21.4",
        "end_time_seconds": "1647244743"
    },
    "total": 419.1347612,
    "count": 1,
    "self": 0.004233400000032361,
    "children": {
        "run_training.setup": {
            "total": 0.09077069999999998,
            "count": 1,
            "self": 0.09077069999999998
        },
        "TrainerController.start_learning": {
            "total": 419.0397571,
            "count": 1,
            "self": 1.1471214999965582,
            "children": {
                "TrainerController._reset_env": {
                    "total": 6.8432384,
                    "count": 1,
                    "self": 6.8432384
                },
                "TrainerController.advance": {
                    "total": 410.9436397000034,
                    "count": 59930,
                    "self": 0.5562505000122542,
                    "children": {
                        "env_step": {
                            "total": 410.38738919999116,
                            "count": 59930,
                            "self": 366.3032478999839,
                            "children": {
                                "SubprocessEnvManager._take_step": {
                                    "total": 43.48599790000198,
                                    "count": 59930,
                                    "self": 0.9737820000039719,
                                    "children": {
                                        "TorchPolicy.evaluate": {
                                            "total": 42.51221589999801,
                                            "count": 17751,
                                            "self": 10.07287589999872,
                                            "children": {
                                                "TorchPolicy.sample_actions": {
                                                    "total": 32.43933999999929,
                                                    "count": 17751,
                                                    "self": 32.43933999999929
                                                }
                                            }
                                        }
                                    }
                                },
                                "workers": {
                                    "total": 0.5981434000052683,
                                    "count": 59929,
                                    "self": 0.0,
                                    "children": {
                                        "worker_root": {
                                            "total": 395.46887460000073,
                                            "count": 59929,
                                            "is_parallel": true,
                                            "self": 133.6511704000004,